{
  "method": "temperature",
  "temperature": 59.67580795288086,
  "iso_x": null,
  "iso_y": null,
  "metrics": {
    "before": {
      "ece": 0.5245438956684457,
      "brier": 0.5058113737679191
    },
    "after": {
      "ece": 0.379834658795889,
      "brier": 0.2541114985047193
    },
    "n": 900,
    "reliability_after": {
      "bin_conf": [
        0.03333333333333333,
        0.1,
        0.16666666666666669,
        0.23333333333333334,
        0.3,
        0.3666666666666667,
        0.4661882270412285,
        0.4935900138267293,
        0.5666666666666667,
        0.6333333333333333,
        0.7,
        0.7666666666666666,
        0.8333333333333334,
        0.9,
        0.9666666666666667
      ],
      "bin_acc": [
        NaN,
        NaN,
        NaN,
        NaN,
        NaN,
        NaN,
        1.0,
        0.8729096989966555,
        NaN,
        NaN,
        NaN,
        NaN,
        NaN,
        NaN,
        NaN
      ],
      "bin_count": [
        0,
        0,
        0,
        0,
        0,
        0,
        3,
        897,
        0,
        0,
        0,
        0,
        0,
        0,
        0
      ]
    }
  }
}