{
  "method": "temperature",
  "temperature": 10.585715293884277,
  "iso_x": null,
  "iso_y": null,
  "metrics": {
    "before": {
      "ece": 0.3464344150306822,
      "brier": 0.3355080676284188
    },
    "after": {
      "ece": 0.36155047607091684,
      "brier": 0.24535201507475127
    },
    "n": 1800,
    "reliability_after": {
      "bin_conf": [
        0.03333333333333333,
        0.1,
        0.16666666666666669,
        0.23333333333333334,
        0.3294725376152905,
        0.3809976671066048,
        0.4349594005261017,
        0.5015044292259446,
        0.5653110427827358,
        0.6150178112032852,
        0.7,
        0.7666666666666666,
        0.8333333333333334,
        0.9,
        0.9666666666666667
      ],
      "bin_acc": [
        NaN,
        NaN,
        NaN,
        NaN,
        1.0,
        0.8936170212765957,
        0.830238726790451,
        0.8333333333333334,
        0.9046762589928058,
        0.9440993788819876,
        NaN,
        NaN,
        NaN,
        NaN,
        NaN
      ],
      "bin_count": [
        0,
        0,
        0,
        0,
        1,
        141,
        377,
        564,
        556,
        161,
        0,
        0,
        0,
        0,
        0
      ]
    }
  }
}