{
  "languages": "Hindi (hi); IndicXNLI covers 11 Indic languages",
  "source": "xnli",
  "n": 2000,
  "detection": {
    "n": 800,
    "n_ungrounded": 518,
    "base_rate": 0.6475,
    "auroc": 0.9987677647252116,
    "auprc": 0.9993495022424643,
    "f1@0.5": 0.9942084942084942,
    "balanced_acc@0.5": 0.9917850981680769
  },
  "calibration": {
    "before": {
      "ece": 0.0030181796558316296,
      "brier": 0.0007357131180383403
    },
    "after": {
      "ece": 0.0012920824582768103,
      "brier": 0.0006970115409913734
    },
    "n": 600,
    "reliability_after": {
      "bin_conf": [
        5.720911130076589e-05,
        0.1,
        0.16666666666666669,
        0.23333333333333334,
        0.3,
        0.36303971654255246,
        0.43333333333333335,
        0.5,
        0.5666666666666667,
        0.6333333333333333,
        0.7,
        0.7666666666666666,
        0.8333333333333334,
        0.889758124813118,
        0.9999752315846787
      ],
      "bin_acc": [
        0.0,
        NaN,
        NaN,
        NaN,
        NaN,
        1.0,
        NaN,
        NaN,
        NaN,
        NaN,
        NaN,
        NaN,
        NaN,
        1.0,
        1.0
      ],
      "bin_count": [
        408,
        0,
        0,
        0,
        0,
        1,
        0,
        0,
        0,
        0,
        0,
        0,
        0,
        1,
        190
      ]
    }
  },
  "guarantee": [
    {
      "alpha": 0.01,
      "threshold": 0.998,
      "realized_fnr": 0.0116,
      "coverage": 0.3575,
      "contamination": 0.021,
      "joint": 0.0075
    },
    {
      "alpha": 0.05,
      "threshold": 0.998,
      "realized_fnr": 0.0116,
      "coverage": 0.3575,
      "contamination": 0.021,
      "joint": 0.0075
    },
    {
      "alpha": 0.1,
      "threshold": 0.998,
      "realized_fnr": 0.0116,
      "coverage": 0.3575,
      "contamination": 0.021,
      "joint": 0.0075
    }
  ],
  "summary": "Hindi groundedness proxy (xnli, 2000 pairs, mDeBERTa-xnli): detection AUROC 0.999; calibration ECE 0.003->0.001; CRC realized FNR <= alpha holds at 2/3 alpha levels."
}