{
  "model": "MoritzLaurer/DeBERTa-v3-base-mnli-fever-anli",
  "n": {
    "calib_temp": 900,
    "calib_conf": 1500,
    "test": 2000
  },
  "calibration": {
    "before": {
      "ece": 0.5245438956684457,
      "brier": 0.5058113737679191
    },
    "after": {
      "ece": 0.379834658795889,
      "brier": 0.2541114985047193
    },
    "n": 900,
    "reliability_after": {
      "bin_conf": [
        0.03333333333333333,
        0.1,
        0.16666666666666669,
        0.23333333333333334,
        0.3,
        0.3666666666666667,
        0.4661882270412285,
        0.4935900138267293,
        0.5666666666666667,
        0.6333333333333333,
        0.7,
        0.7666666666666666,
        0.8333333333333334,
        0.9,
        0.9666666666666667
      ],
      "bin_acc": [
        NaN,
        NaN,
        NaN,
        NaN,
        NaN,
        NaN,
        1.0,
        0.8729096989966555,
        NaN,
        NaN,
        NaN,
        NaN,
        NaN,
        NaN,
        NaN
      ],
      "bin_count": [
        0,
        0,
        0,
        0,
        0,
        0,
        3,
        897,
        0,
        0,
        0,
        0,
        0,
        0,
        0
      ]
    }
  },
  "detection_test": {
    "n": 2000,
    "n_ungrounded": 184,
    "base_rate": 0.092,
    "auroc": 0.6118978643937943,
    "auprc": 0.11638919249734764,
    "f1@0.5": 0.20344053851907254,
    "balanced_acc@0.5": 0.5895542041754454
  },
  "guarantee_single_split": [
    {
      "alpha": 0.01,
      "threshold": 0.478,
      "realized_fnr": 0.0054,
      "coverage": 0.0615,
      "contamination": 0.0081,
      "joint": 0.0005
    },
    {
      "alpha": 0.05,
      "threshold": 0.482,
      "realized_fnr": 0.038,
      "coverage": 0.138,
      "contamination": 0.0254,
      "joint": 0.0035
    },
    {
      "alpha": 0.1,
      "threshold": 0.486,
      "realized_fnr": 0.0761,
      "coverage": 0.217,
      "contamination": 0.0323,
      "joint": 0.007
    }
  ],
  "guarantee_bootstrap": [
    {
      "alpha": 0.01,
      "method": "crc",
      "n_boot": 200,
      "mean_realized_fnr": 0.004512701395339063,
      "p95_realized_fnr": 0.025131972996294605,
      "mean_coverage": 0.04852571428571428,
      "mean_contamination": 0.007115430658167093,
      "frac_exceed_alpha": 0.065
    },
    {
      "alpha": 0.05,
      "method": "crc",
      "n_boot": 200,
      "mean_realized_fnr": 0.036742041481608846,
      "p95_realized_fnr": 0.0731508666930156,
      "mean_coverage": 0.13594285714285714,
      "mean_contamination": 0.02770106638164643,
      "frac_exceed_alpha": 0.22
    },
    {
      "alpha": 0.1,
      "method": "crc",
      "n_boot": 200,
      "mean_realized_fnr": 0.08624810854916314,
      "p95_realized_fnr": 0.1208877964141122,
      "mean_coverage": 0.2193542857142857,
      "mean_contamination": 0.041531975034822075,
      "frac_exceed_alpha": 0.375
    }
  ],
  "ablation_alpha0.05": {
    "naive_0.5": {
      "threshold": 0.5,
      "realized_fnr": 0.2608695652173913,
      "coverage": 0.4235,
      "contamination": 0.05667060212514758
    },
    "quantile": {
      "threshold": 0.4845791855389727,
      "realized_fnr": 0.059782608695652176,
      "coverage": 0.1885,
      "contamination": 0.029177718832891247
    },
    "crc": {
      "threshold": 0.482,
      "realized_fnr": 0.03804347826086957,
      "coverage": 0.138,
      "contamination": 0.025362318840579712
    },
    "rcps_hoeffding": {
      "threshold": 0.0,
      "realized_fnr": 0.0,
      "coverage": 0.0,
      "contamination": 0.0
    }
  }
}